Date of occurrence,Occurrence severity,Occurrence with ship(s),Deviation,Name of ship,IMO number,Ship / craft type,Livest lost - Total,People injured - Total,Pollution
16/02/2020,Very serious,Grounding/stranding - Drift,,ALTA,7432305,Cargo ship - Solid Cargo - General Cargo,0,0,
04/01/2020,Very serious,Loss of control - Loss of containment,,STONE I,9380582,Cargo ship - Liquid Cargo - Chemical tanker,0,0,YES
27/10/2019,Very serious,"Contact - Floating object - Unknown,Flooding/Foundering - Flooding - Massive",,Avel vor,8908038,Fishing vessel - Seiner - Tuna purse seiners,0,0,
23/10/2019,Very serious,Grounding/stranding - Power,,DILLON OWEN,9456654,Fishing vessel,0,0,
13/10/2019,Very serious,Grounding/stranding - Power,,RHODANUS,9173173,Cargo ship - Solid Cargo - General Cargo,0,0,
07/10/2019,Very serious,Loss of control - Loss of containment,"Body movement without any physical stress (generally leading to an external injury) - Being caught or carried away, by something or by momentum",EUROFERRY MALTA,9108556,Passenger ship - Passenger and general cargo - International,1,3,
03/09/2019,Very serious,"Collision - With other ship,Collision - With other ship",,"KANALA,LIAO DANYU 23625",9425552,"Cargo ship - Solid Cargo - Other,Cargo ship - Liquid Cargo - Oil tanker - Product carrier",1,0,
03/08/2019,Very serious,"Collision - With other ship,Collision - With other ship",,"Chuan Yi Tsai No.1,SASEBO GLORY",9740823,Cargo ship - Solid Cargo - Bulk Carrier,6,0,
10/03/2019,Very serious,Fire/Explosion - Fire,,GRANDE AMERICA,9130937,Cargo ship - Solid Cargo - Ro-Ro Cargo,0,0,YES
29/12/2018,Very serious,Fire/Explosion - Explosion,,ATHLOS,9539858,Cargo ship - Liquid Cargo - Chemical tanker,1,5,
07/12/2018,Very serious,Grounding/stranding - Drift,,VIKING,8139364,Service ship - Tug (Towing/Pushing),0,0,
28/11/2018,Very serious,Fire/Explosion - Fire,,Astrid Sofie,9782405,Fishing vessel,0,0,
08/11/2018,Very serious,"Collision - With other ship,Collision - With other ship",,"KNM Helge Ingstad,SOLA TS",9724350,"Cargo ship - Liquid Cargo - Oil tanker - Crude oil,Navy ship",0,0,YES
04/11/2018,Very serious,"Collision - With other ship,Collision - With other ship",,"BEGONIA S,Mietus II",9445540,"Cargo ship - Solid Cargo - General Cargo,Recreational craft - Motorboat",0,1,
03/11/2018,Very serious,Grounding/stranding - Power,,FJORDVIK,7423249,Cargo ship - Solid Cargo - General Cargo,0,0,
28/10/2018,Very serious,Fire/Explosion - Fire,,BALGARKA,9158159,Cargo ship - Solid Cargo - Bulk Carrier,1,1,
21/10/2018,Very serious,"Collision - With other ship,Collision - With other ship",,"Greylag,Red Falcon",9064047,"Recreational craft - Sailboat (aux. motor),Passenger ship - Passenger and Ro-Ro cargo - International",0,0,
08/10/2018,Very serious,Loss of control - Loss of containment,,MAERSK JAIPUR,9343974,Cargo ship - Solid Cargo - Container Ship,1,0,
02/10/2018,Very serious,Fire/Explosion - Fire,"Deviation due to electrical problems, explosion, fire - Fire, flare up",FROSTI,9256963,Fishing vessel - Trawler - Stern,0,1,YES
29/09/2018,Very serious,"Collision - With other ship,Collision - With other ship",,"PHOENIX,RED FALCON",9064047,"Passenger ship - Passenger and Ro-Ro cargo,Recreational craft - Motorboat",0,0,
10/09/2018,Very serious,Fire/Explosion - Fire,,Kanga,9842425,Passenger ship - Only passenger - International,0,0,YES
25/08/2018,Very serious,Capsizing/Listing - Capsizing,Other,SONJA,7524627,Fishing vessel - Trawler - Beam,2,0,
14/08/2018,Very serious,Fire/Explosion - Fire,,KARADENIZ-5,7816513,Cargo ship - Solid Cargo - General Cargo,1,0,
31/07/2018,Very serious,Damage / loss of equipment,,SANAR-8,9212008,Cargo ship - Liquid Cargo - Oil tanker - Crude oil,1,1,
25/07/2018,Very serious,"Flooding/Foundering - Foundering,Collision - With other ship,Collision - With other ship",Slipping - Stumbling and falling - Fall of persons - Fall overboard of person,"MOHAMED BADRI,SHARK",9488499,"Fishing vessel,Cargo ship - Solid Cargo - Bulk Carrier",1,0,
22/06/2018,Very serious,Loss of control - Loss of containment,,Fidelity,7310507,Cargo ship - Livestock carrier,0,0,YES
04/04/2018,Very serious,Fire/Explosion - Fire,,MIGNON,9189251,Cargo ship - Solid Cargo - Ro-Ro Cargo,0,0,
01/04/2018,Very serious,Fire/Explosion - Explosion,,A NAVIGATION,9574420,Cargo ship - Solid Cargo - Bulk Carrier,1,0,
22/03/2018,Very serious,"Collision - With other ship,Collision - With other ship",,"JOELLE,POLAT-1",9396969,"Fishing vessel - Trawler - Beam,Cargo ship - Solid Cargo - Bulk Carrier",0,0,
10/03/2018,Very serious,Capsizing/Listing - Capsizing,,SIRIUS H?J,7032375,Service ship - Dredger,0,0,
09/03/2018,Very serious,Fire/Explosion - Fire,,GEROITE NA SEVASTOPOL,7529976,Cargo ship - Solid Cargo,1,0,
06/01/2018,Very serious,"Loss of control - Loss of directional control,Grounding/stranding - Power",,MESTRE SIMAO,9690482,Passenger ship - Passenger and Ro-Ro cargo,0,0,
30/11/2017,Very serious,Damage / loss of equipment,,Eugenia B,9166883,Cargo ship - Solid Cargo - Bulk Carrier,1,0,
05/10/2017,Very serious,Damage / loss of equipment,"Breakage, bursting, splitting, slipping, fall, collapse of Material Agent - Slip, fall, collapse of Material Agent - from above (falling on the victim)",GUGLIELMO G,7732418,Cargo ship - Solid Cargo - General Cargo,1,0,
08/09/2017,Very serious,Collision,,CRIS M,8916401,Passenger ship - Only passenger,0,13,
12/07/2017,Very serious,Grounding/stranding - Power,,KEA TRADER,9701281,Cargo ship - Solid Cargo - Container Ship,0,0,
21/03/2017,Very serious,"Collision - With other ship,Collision - With other ship",,"Jan Maria,unknown",8707446,"Fishing vessel,Unknown",3,1,YES
20/03/2017,Very serious,"Collision - With other ship,Collision - With other ship",,"MIDVOLGA 2,EL FAIRELL",9735139,"Fishing vessel - Trawler,Cargo ship - Liquid Cargo - Chemical tanker",2,0,
03/03/2017,Very serious,Flooding/Foundering - Foundering,,OCEAN WAY (LK207),9119696,Fishing vessel - Trawler,0,0,
03/03/2017,Very serious,"Loss of control - Loss of directional control,Flooding/Foundering - Foundering,Grounding/stranding - Power",,FFS ACHILLES,8224523,Service ship - Tug (Towing/Pushing),0,0,
24/02/2017,Very serious,Grounding/stranding - Power,,STERN?,7035420,Cargo ship - Solid Cargo - Bulk Carrier,0,0,
21/02/2017,Very serious,Fire/Explosion - Explosion,,NORMAND MAXIMUS,9744518,Service ship - Special purpose ship,1,4,
08/02/2017,Very serious,"Flooding/Foundering - Foundering,Capsizing/Listing - Capsizing",,SENEFAND I,9034262,Fishing vessel - Trawler - Stern,3,8,
25/01/2017,Very serious,"Loss of control - Loss of directional control,Flooding/Foundering - Foundering,Grounding/stranding - Drift",,FISKTRANS,5248255,Cargo ship - Solid Cargo - General Cargo,0,0,
19/01/2017,Very serious,Fire/Explosion - Explosion,,MANHATTAN BRIDGE,9689615,Cargo ship - Solid Cargo - Container Ship,1,1,
05/12/2016,Very serious,"Collision - With other ship,Capsizing/Listing - Capsizing,Collision - With other ship",,"TYPHOON CLIPPER,ALISON",9451771,"Inland waterway vessel - Passenger,Inland waterway vessel - Worksite craft",0,0,
09/11/2016,Very serious,"Collision - With other ship,Collision - With other ship",,"PIROQUE,SURFER 3603",9595541,"Fishing vessel,Service ship - Offshore supply ship",1,0,
20/09/2016,Very serious,"Loss of control - Loss of directional control,Capsizing/Listing - Capsizing,Flooding/Foundering - Foundering",,"CMA CGM SIMBA,DOMINGUE",9072111,"Cargo ship - Solid Cargo - Container Ship,Service ship - Tug (Towing/Pushing)",2,0,
16/08/2016,Very serious,Fire/Explosion - Fire,,ARDENT II (INS127),8420658,Fishing vessel - Trawler - Stern,0,0,
19/05/2016,Very serious,"Collision - With other ship,Collision - With other ship",,"PETUNIA SEAWAYS,PEGGOTTY",9259501,"Passenger ship - Passenger and Ro-Ro cargo,Recreational craft - Motorboat",0,0,
07/05/2016,Very serious,"Flooding/Foundering - Foundering,Capsizing/Listing - Capsizing,Collision - With other ship,Collision - With other ship",,"Lu Rong 58398,CATALINA",9299604,"Cargo ship - Solid Cargo - Bulk Carrier,Fishing vessel - Trawler - Pair",19,0,
04/02/2016,Very serious,"Collision - With other ship,Collision - With other ship",,"CAROLINE M?RSK,LU JIAO NAN YU 76003",9214903,"Cargo ship - Solid Cargo - Container Ship,Fishing vessel - Trawler - Other trawler",2,0,
18/01/2016,Very serious,Damage / loss of equipment,,GALAXY,7358755,Passenger ship - Passenger and Ro-Ro cargo - International,1,0,
14/01/2016,Very serious,"Collision - With other ship,Collision - With other ship",,"Zhe Pu Yu 42234,MINERVA PISCES",9410179,"Cargo ship - Liquid Cargo - Oil tanker - Crude oil,Fishing vessel - Trawler",5,0,
04/01/2016,Very serious,"Grounding/stranding - Drift,Flooding/Foundering - Foundering,Loss of control - Loss of propulsion power",,KIM ROGER,7626011,Fishing vessel - Seiner - Danish seiner,0,0,
23/12/2015,Very serious,Fire/Explosion - Fire,,UMOE VENTUS,9758507,Service ship - Other offshore ship,0,0,YES
12/10/2015,Very serious,"Collision - With other ship,Collision - With other ship",,"Clipper Quito,Lurongyu 71108",9630755,"Fishing vessel - Trawler - Stern,Cargo ship - Liquid Cargo - Liquified gas tanker - LPG - Type 3G",1,0,
27/09/2015,Very serious,"Flooding/Foundering - Foundering,Fire/Explosion - Fire,Flooding/Foundering - Flooding - Progressive",,CAMPOLIBRE ALAI,8719334,Fishing vessel - Seiner - Tuna purse seiners,0,1,YES
23/09/2015,Very serious,Fire/Explosion - Fire,,Zeus,6605503,Service ship - Tug (Towing/Pushing),4,1,
29/08/2015,Very serious,"Flooding/Foundering - Flooding,Collision - With other ship,Collision - With other ship",,"DAROJA,ERIN WOOD",9148221,"Cargo ship - Solid Cargo - General Cargo,Cargo ship - Liquid Cargo - Oil tanker - Crude oil",0,0,YES
27/08/2015,Very serious,"Loss of control - Loss of containment,Contact - Shore object",,Green Egersund,8804567,Cargo ship - Solid Cargo - Refrigerated Cargo,0,0,YES
18/08/2015,Very serious,Fire/Explosion - Fire,,ARCO AVON,8508383,Service ship - Dredger,1,0,
07/08/2015,Very serious,Loss of control - Loss of containment,,STOLT BOBCAT,9511167,Cargo ship - Liquid Cargo - Chemical tanker,0,0,
01/07/2015,Very serious,"Collision - With other ship,Flooding/Foundering - Foundering,Collision - With other ship",,"ORION,NECKAR HIGHWAY",9179995,"Cargo ship - Solid Cargo - Ro-Ro Cargo,Fishing vessel - Gillnetter",0,0,
27/05/2015,Very serious,Fire/Explosion - Fire,,Ortegal Tres,7424580,Fishing vessel - Trawler - Stern,1,0,
18/05/2015,Very serious,"Flooding/Foundering - Foundering,Flooding/Foundering - Flooding - Progressive,Capsizing/Listing - Listing",,KAIROS,9314038,Fishing vessel - Trawler - Stern,0,0,
05/05/2015,Very serious,Damage / loss of equipment,,AMBER,9085895,Cargo ship - Solid Cargo - Bulk Carrier,1,0,
28/04/2015,Very serious,"Loss of control - Loss of propulsion power,Loss of control - Loss of electrical power,Loss of control - Loss of directional control,Fire/Explosion - Fire",,SORRENTO,9264312,Passenger ship - Passenger and Ro-Ro cargo,0,0,
30/03/2015,Very serious,"Flooding/Foundering - Foundering,Loss of control - Loss of directional control,Capsizing/Listing - Capsizing",,"ASTERIX,DONIZETTI",9174098,"Service ship - Tug (Towing/Pushing),Cargo ship - Liquid Cargo - Chemical tanker",0,0,
23/03/2015,Very serious,Fire/Explosion - Fire,,HIGHSPEED 5,9329095,Passenger ship - Passenger and Ro-Ro cargo - Domestic - Class A,1,0,
09/03/2015,Very serious,"Flooding/Foundering - Foundering,Fire/Explosion - Fire",,GUARISTE PRIMERO,9205031,Fishing vessel - Liner,0,0,YES
20/02/2015,Very serious,"Grounding/stranding - Drift,Damage / loss of equipment,Grounding/stranding - Drift,Flooding/Foundering - Foundering",,KEREM S,8223127,Cargo ship - Solid Cargo - General Cargo,0,0,
11/02/2015,Very serious,Grounding/stranding - Drift,,GOODFAITH,9076404,Cargo ship - Solid Cargo - Bulk Carrier,0,0,YES
17/01/2015,Very serious,"Grounding/stranding - Power,Flooding/Foundering - Foundering",,Leif Roald,8406494,Fishing vessel - Gillnetter,0,0,
02/01/2015,Very serious,Capsizing/Listing - Capsizing,,CEMFJORD,8403569,Cargo ship - Solid Cargo - Bulk Carrier,8,0,
28/12/2014,Very serious,"Capsizing/Listing - Listing,Fire/Explosion - Fire,Loss of control - Loss of propulsion power,Damage / loss of equipment,Loss of control - Loss of electrical power",,NORMAN ATLANTIC,9435466,Passenger ship - Passenger and Ro-Ro cargo,11,31,
25/12/2014,Very serious,"Collision - With other ship,Collision - With other ship",,"RBD JUTLANDIA,CHAN TO KAN",9498690,"Cargo ship - Solid Cargo - Container Ship,Fishing vessel - Trawler - Pair",1,0,
09/12/2014,Very serious,Damage / loss of equipment,,MERITO,9167942,Cargo ship - Solid Cargo - Container Ship,1,0,
02/12/2014,Very serious,"Collision - With other ship,Collision - With other ship",,"NIKA,FIDES",9030852,"Fishing vessel - Trawler - Stern,Cargo ship - Solid Cargo - Ro-Ro Cargo",0,0,
27/11/2014,Very serious,"Collision - With other ship,Collision - With other ship",,"Star Kvarven,Lulanyu",9396153,"Cargo ship - Solid Cargo - General Cargo,Fishing vessel - Trawler - Stern",8,0,YES
12/11/2014,Very serious,Grounding/stranding - Drift,,NOSSAN,8814536,Cargo ship - Solid Cargo - General Cargo,0,0,
29/10/2014,Very serious,"Flooding/Foundering - Flooding - Massive,Grounding/stranding - Power",,KERTU,9125683,Cargo ship - Solid Cargo - General Cargo,0,0,YES
24/10/2014,Very serious,"Collision - With multiple ships,Collision - Ship not underway,Collision - Ship not underway",,"IV 1,Blue One,ALIOS",7902636,"Cargo ship - Solid Cargo - Ro-Ro Cargo,Passenger ship - Only passenger,Recreational craft",0,0,
03/10/2014,Very serious,Damage / loss of equipment,,LAMNALCO LEOPARD,9537422,Service ship - Tug (Towing/Pushing),1,0,
03/10/2014,Very serious,Damage / loss of equipment,,LAMNALCO LEOPARD,9537422,Service ship - Tug (Towing/Pushing),1,0,
10/09/2014,Very serious,Damage / loss of equipment,,DRENNEC,9359703,Fishing vessel - Seiner - Tuna purse seiners,1,0,
06/09/2014,Very serious,Grounding/stranding - Power,,SAMSKIP AKRAFELL,9271963,Cargo ship - Solid Cargo - General Cargo,0,0,
13/08/2014,Very serious,Flooding/Foundering - Foundering,,GPS BATTLER,8738328,Service ship - Tug (Towing/Pushing),1,0,
04/08/2014,Very serious,"Flooding/Foundering - Foundering,Capsizing/Listing - Capsizing,Loss of control - Loss of directional control",,"KRUZENSHTERN,DIVER MASTER",6822979,"Service ship - Other,Service ship - Tug (Towing/Pushing)",0,0,
28/07/2014,Very serious,"Collision - With other ship,Collision - With other ship,Flooding/Foundering - Foundering",,"JAMEELA STAR,BETTY",6823131,"Cargo ship - Liquid Cargo - Oil tanker - Product carrier,Service ship - Other",0,0,
18/07/2014,Very serious,"Collision - With other ship,Collision - With other ship",,"BOA HEIMDAL,No Name Given",9551909,"Recreational craft - Motorboat,Service ship - Tug (Towing/Pushing)",1,0,
10/07/2014,Very serious,"Collision - With other ship,Collision - With other ship",,"INGER MARIE,RIG",8801137,"Fishing vessel - Trawler - Stern,Cargo ship - Solid Cargo - General Cargo",1,0,YES
08/06/2014,Very serious,"Collision - With other ship,Collision - With other ship",,"ORCA,SHOREWAY",9420344,"Service ship - Dredger,Recreational craft - Sailboat (aux. motor)",1,0,
26/04/2014,Very serious,Fire/Explosion - Explosion,,NAKHODKA,7807031,Cargo ship - Solid Cargo - General Cargo,1,1,
24/04/2014,Very serious,"Flooding/Foundering - Flooding - Massive,Flooding/Foundering - Foundering,Capsizing/Listing - Capsizing",,AGIA MARINA,8975122,Cargo ship - Solid Cargo - General Cargo,3,0,
22/04/2014,Very serious,"Loss of control - Loss of propulsion power,Grounding/stranding - Drift,Flooding/Foundering - Foundering",,Chanko,5005457,Service ship - Tug (Towing/Pushing),0,0,YES
19/04/2014,Very serious,"Collision - With other ship,Collision - With other ship",,"Viking Grace,Sunni",9606900,"Passenger ship - Passenger and Ro-Ro cargo,Passenger ship - Only passenger",0,3,
17/04/2014,Very serious,"Capsizing/Listing - Capsizing,Flooding/Foundering - Foundering",,MAR NOSSO,7218101,Fishing vessel - Trawler - Stern,5,7,YES
01/04/2014,Very serious,"Collision - With other ship,Collision - With other ship",,"MAR DE MARIN,BALTIC BREEZE",8312590,"Cargo ship - Solid Cargo - Ro-Ro Cargo,Fishing vessel - Liner",5,0,YES
20/03/2014,Very serious,Damage / loss of equipment,,BRITES,7107431,Fishing vessel - Trawler - Stern,1,0,
10/03/2014,Very serious,"Flooding/Foundering - Flooding - Massive,Grounding/stranding - Power",,SANTA ANA,7813303,Fishing vessel - Trawler,8,1,YES
08/03/2014,Very serious,Grounding/stranding - Drift,,YUSUF CEPNIOGLU,9119646,Cargo ship - Solid Cargo - Container Ship,0,0,YES
01/03/2014,Very serious,"Fire/Explosion - Explosion,Damage / loss of equipment",,ATLANTIC ACTION,8902319,Cargo ship - Solid Cargo - Ro-Ro Cargo,1,0,
08/02/2014,Very serious,"Capsizing/Listing - Listing,Loss of control - Loss of electrical power,Flooding/Foundering - Foundering",,ELLAND,8111788,Cargo ship - Solid Cargo - General Cargo,0,0,YES
05/02/2014,Very serious,"Grounding/stranding - Drift,Loss of control - Loss of electrical power,Loss of control - Loss of propulsion power,Loss of control - Loss of propulsion power",,LUNO,9072329,Cargo ship - Solid Cargo - General Cargo,0,0,YES
02/01/2014,Very serious,Grounding/stranding - Power,,GOTLAND,9223796,Passenger ship - Passenger and Ro-Ro cargo - International,0,0,
26/12/2013,Very serious,Damage / loss of equipment,,EVER URBAN,9169160,Cargo ship - Solid Cargo - Container Ship,1,0,
11/12/2013,Very serious,Contact - Shore object,,NOUR-M,7226627,Cargo ship - Solid Cargo - General Cargo,0,0,YES
02/12/2013,Very serious,Damage / loss of equipment,,LOS ANGELES,9588483,Cargo ship - Solid Cargo - Bulk Carrier,1,0,
13/11/2013,Very serious,Damage / loss of equipment,,TARSUS,9487213,Cargo ship - Solid Cargo - Bulk Carrier,1,0,
11/11/2013,Very serious,Fire/Explosion - Fire,,GODAFOSS,9086796,Cargo ship - Solid Cargo - Container Ship,0,0,YES
02/11/2013,Very serious,Grounding/stranding - Power,,STELLA,6727296,Cargo ship - Solid Cargo - General Cargo,1,0,YES
30/10/2013,Very serious,Fire/Explosion - Fire,,FERNANDA,7806025,Cargo ship - Solid Cargo - Ro-Ro Cargo,0,0,YES
25/10/2013,Very serious,Fire/Explosion - Fire,,GRANDE COLONIA,9318527,Passenger ship - Passenger and Ro-Ro cargo,0,0,
18/10/2013,Very serious,Flooding/Foundering - Foundering,,RIAS BAIXAS UN,9233088,Fishing vessel - Liner,0,0,YES
03/10/2013,Very serious,Damage / loss of equipment,,ATAIR J,9296999,Cargo ship - Solid Cargo - Container Ship,1,0,
24/07/2013,Very serious,Loss of control - Loss of electrical power,,ASTRID,5027792,Passenger ship - Only passenger,0,0,
11/06/2013,Very serious,Fire/Explosion - Fire,,MISSISSIPPI STAR,9527623,Cargo ship - Liquid Cargo - Oil tanker - Product carrier,1,0,
07/05/2013,Very serious,"Loss of control - Loss of propulsion power,Loss of control - Loss of directional control,Contact - Shore object",,Jolly Nero,7361233,Cargo ship - Solid Cargo - Container Ship,9,4,
08/04/2013,Very serious,"Flooding/Foundering - Foundering,Collision - With other ship,Collision - With other ship",,"Loic-Lucas,Ambassadeur",9361328,"Cargo ship - Solid Cargo - General Cargo,Fishing vessel - Dredger",0,0,
27/03/2013,Very serious,Damage / loss of equipment,,Mousetrap,9674701,Recreational craft - Sailboat (aux. motor),1,0,
08/03/2013,Very serious,Damage / loss of equipment,,NORWEGIAN JADE,9304057,Passenger ship - Only passenger - International,1,0,
20/02/2013,Very serious,"Capsizing/Listing - Capsizing,Flooding/Foundering - Foundering,Loss of control - Loss of directional control",,"JSM,ARTEMIS V",7615036,"Service ship - Tug (Towing/Pushing),Cargo ship - Solid Cargo - General Cargo",1,0,
10/02/2013,Very serious,Damage / loss of equipment,,THOMSON MAJESTY,8814744,Passenger ship - Only passenger - International,5,3,
10/01/2013,Very serious,Flooding/Foundering - Flooding - Massive,,JETTE SAJ,9019016,Service ship - Dredger,0,0,
18/12/2012,Very serious,Loss of control - Loss of containment,,CASTOR,9444584,Service ship - Tug (Towing/Pushing),0,0,
29/11/2012,Very serious,"Grounding/stranding - Power,Flooding/Foundering - Flooding - Progressive",,Trans Agila,9113707,Cargo ship - Solid Cargo - General Cargo,0,0,
22/09/2012,Very serious,"Collision - With other ship,Collision - With other ship",,"La Sorrelina,C?tes de Bretagne",9171682,"Service ship - Dredger,Inland waterway vessel - Passenger",0,0,
01/09/2012,Very serious,Flooding/Foundering - Foundering,,CHLOE T,8656881,Fishing vessel - Trawler,0,0,
10/08/2012,Very serious,"Flooding/Foundering - Foundering,Capsizing/Listing - Listing",,AUDACIOUS,9191072,Fishing vessel - Trawler - Other trawler,0,0,YES
14/07/2012,Very serious,"Fire/Explosion - Fire,Fire/Explosion - Explosion",,MSC Flaminia,9225615,Cargo ship - Solid Cargo - Container Ship,3,2,YES
09/07/2012,Very serious,Fire/Explosion - Fire,,DENARIUS,8333673,Fishing vessel - Trawler,0,0,
09/04/2012,Very serious,"Collision - With other ship,Collision - With other ship",,"Lady Ozge,P¨¨re Milo",9499553,"Fishing vessel - Trawler - Stern,Cargo ship - Liquid Cargo - Chemical tanker",0,0,
03/04/2012,Very serious,Grounding/stranding - Power,,Carrier,8504959,Cargo ship - Solid Cargo - General Cargo,0,0,YES
27/03/2012,Very serious,Damage / loss of equipment,,ANNA M?RSK,9260421,Cargo ship - Solid Cargo - Container Ship,1,1,
13/01/2012,Very serious,"Capsizing/Listing - Listing,Capsizing/Listing - Capsizing,Grounding/stranding - Drift,Capsizing/Listing - Listing,Grounding/stranding - Power,Loss of control - Loss of directional control,Loss of control - Loss of propulsion power,Loss of control - Loss of electrical power,Flooding/Foundering - Flooding - Massive",,COSTA CONCORDIA,9320544,Passenger ship - Only passenger - International,32,17,
23/12/2011,Very serious,"Collision - With other ship,Collision - With other ship",,"NORDIC STANI,PR?CTICOS AROSA DOS",9483671,"Service ship - Other,Cargo ship - Solid Cargo - Container Ship",1,1,
16/12/2011,Very serious,Grounding/stranding - Drift,,TK BREMEN,8113487,Cargo ship - Solid Cargo - General Cargo,0,0,YES
27/11/2011,Very serious,"Flooding/Foundering - Flooding,Hull failure,Flooding/Foundering - Foundering",,Swanland,7607431,Cargo ship - Solid Cargo - General Cargo,6,0,
01/11/2011,Very serious,"Collision - Ship not underway,Collision - With other ship",,"Golub,JOERG N",9508603,"Cargo ship - Solid Cargo - General Cargo,Fishing vessel - Trawler - Stern",,,
05/10/2011,Very serious,"Collision - With other ship,Flooding/Foundering - Foundering,Collision - With other ship,Capsizing/Listing - Capsizing",,"ESTESKY,TABAR",9116034,"Fishing vessel,Cargo ship - Solid Cargo - General Cargo",1,0,
20/09/2011,Very serious,"Flooding/Foundering - Flooding - Massive,Fire/Explosion - Fire",,P¨¨re Briant,7363035,Fishing vessel - Seiner - Tuna purse seiners,0,0,YES
15/09/2011,Very serious,"Loss of control - Loss of propulsion power,Capsizing/Listing - Listing,Flooding/Foundering - Flooding,Loss of control - Loss of electrical power,Fire/Explosion - Fire,Contact - Shore object",,Nordlys,9048914,Passenger ship - Passenger and Ro-Ro cargo - Domestic - Class B,2,9,YES
10/09/2011,Very serious,"Collision - With other ship,Collision - With other ship",,"GOLDEN TRADER,VIDAR",9041459,"Cargo ship - Solid Cargo - Bulk Carrier,Fishing vessel - Trawler - Beam",0,0,YES
06/09/2011,Very serious,Fire/Explosion - Explosion,,Clipper Sund,9375977,Cargo ship - Liquid Cargo - Chemical tanker,1,0,
12/08/2011,Very serious,"Collision - With other ship,Collision - With other ship,Capsizing/Listing - Capsizing",,"Chiefton,Skyline Barge 19",9600695,"Service ship - Tug (Towing/Pushing),Service ship - Other",1,0,
22/07/2011,Very serious,Capsizing/Listing - Capsizing,,UNION NEPTUNE,8416803,Cargo ship - Solid Cargo - General Cargo,0,0,
26/06/2011,Very serious,"Collision - With other ship,Collision - With other ship",,"LILLY,FRANK W",9374674,"Cargo ship - Solid Cargo - General Cargo,Fishing vessel - Trawler",0,0,YES
19/06/2011,Very serious,Damage / loss of equipment,,ALLURES,9094755,Recreational craft - Sailboat (aux. motor),1,0,
12/10/2020,Serious,Grounding/stranding - Drift,,HEIN SENIOR,9092642,Fishing vessel,0,0,
23/09/2020,Serious,"Collision - With other ship,Collision - With other ship",,"RFS KAZANETS 311,ICE ROSE",8311106,"Navy ship,Cargo ship - Solid Cargo - Refrigerated Cargo",0,0,
05/09/2020,Serious,Grounding/stranding - Power,,SAGAFJORD,7943079,Passenger ship - Only passenger,0,0,
05/06/2020,Serious,Grounding/stranding - Power,,KARLSO,8705890,Fishing vessel,0,0,
08/05/2020,Serious,Damage / loss of equipment,,MOUNT EVEREST,9470985,Cargo ship - Liquid Cargo - Chemical tanker,0,1,
01/05/2020,Serious,Damage / loss of equipment,,FT STURLA,9447287,Cargo ship - Liquid Cargo - Chemical tanker,0,1,
01/04/2020,Serious,Damage / loss of equipment,,TORM MAREN,9358400,Cargo ship - Liquid Cargo - Oil tanker - Crude oil,0,3,
19/03/2020,Serious,Fire/Explosion - Fire,,DC VLAANDEREN 3000,9250373,Service ship - Dredger,0,0,
17/02/2020,Serious,Damage / loss of equipment,,SICHEM MANILA,9322097,Cargo ship - Liquid Cargo - Chemical tanker,0,1,
11/12/2019,Serious,Grounding/stranding - Drift,,Sea Eagle,9830135,Cargo ship - Solid Cargo - Bulk Carrier,0,0,
24/11/2019,Serious,Grounding/stranding - Power,,LA BELLE DES OCEANS,8800195,Passenger ship - Only passenger,0,0,
21/11/2019,Serious,Fire/Explosion - Fire,,EUROCARGO TRIESTE,9131515,Cargo ship - Solid Cargo - Ro-Ro Cargo,0,0,
12/10/2019,Serious,Grounding/stranding - Power,,SEASURFER,9763033,Cargo ship - Liquid Cargo - Liquified gas tanker - LNG - Type 2G,0,0,
28/09/2019,Serious,Contact - Shore object,,ARAMIS,9281592,Cargo ship - Solid Cargo - General Cargo,0,2,
09/07/2019,Serious,Fire/Explosion - Fire,,PETER PAN,9217242,Passenger ship - Passenger and Ro-Ro cargo,0,0,
10/05/2019,Serious,Damage / loss of equipment,,ALYARMOUK,9356438,Cargo ship - Liquid Cargo - Oil tanker - Crude oil,0,1,
10/05/2019,Serious,"Collision - With other ship,Collision - With other ship",,"EXPRESS 1,BALTIC CONDOR",9501590,"Passenger ship - Only passenger - International,Passenger ship - Passenger and Ro-Ro cargo",0,2,
08/05/2019,Serious,Grounding/stranding - Power,,SEATRUCK PERFORMANCE,9506227,Cargo ship - Solid Cargo - Ro-Ro Cargo,0,0,
19/04/2019,Serious,Grounding/stranding - Power,,APL DANUBE,9674517,Cargo ship - Solid Cargo - Container Ship,0,0,
12/04/2019,Serious,"Grounding/stranding - Drift,Loss of control - Loss of directional control",,Skarven,9436630,Passenger ship - Passenger and Ro-Ro cargo - Domestic - Class D,0,0,
08/04/2019,Serious,Contact - Floating object - Other,,BOANN,9808792,Service ship,0,0,
18/03/2019,Serious,Fire/Explosion - Explosion,,BAKKEDAL,9308728,Cargo ship - Liquid Cargo - Combination carrier,0,0,
14/03/2019,Serious,"Loss of control - Loss of propulsion power,Loss of control - Loss of electrical power",,LEOPOLD LD,9617519,Cargo ship - Solid Cargo - Bulk Carrier,0,0,
11/03/2019,Serious,Fire/Explosion - Fire,,OP HOOP VAN ZEGEN,9019456,Fishing vessel,0,0,
09/03/2019,Serious,"Damage / loss of equipment,Damage / loss of equipment",,GIOVANNI DP,9261516,Cargo ship - Liquid Cargo - Oil tanker - Product carrier,0,1,
19/02/2019,Serious,Grounding/stranding - Power,,BREIZH NEVEZ 1,9835252,Passenger ship - Passenger and Ro-Ro cargo,0,0,
06/02/2019,Serious,Grounding/stranding - Drift,,Komiza,7321908,Passenger ship - Only passenger - Domestic - Class C,0,0,
20/01/2019,Serious,Loss of control - Loss of containment,,SICHEM RUBY,9344174,Cargo ship - Liquid Cargo - Chemical tanker,0,1,
17/01/2019,Serious,Grounding/stranding - Drift,,BORE BANK,9160774,Cargo ship - Solid Cargo - Ro-Ro Cargo,0,0,
08/01/2019,Serious,Loss of control - Loss of propulsion power,,GURONI,9438248,Cargo ship - Liquid Cargo - Chemical tanker,0,0,
03/01/2019,Serious,Fire/Explosion - Fire,,YANTIAN EXPRESS,9229831,Cargo ship - Solid Cargo - Container Ship,0,0,YES
18/12/2018,Serious,Loss of control - Loss of containment,,EUROPEAN CAUSEWAY,9208394,Passenger ship - Passenger and Ro-Ro cargo,0,0,
08/11/2018,Serious,"Capsizing/Listing - Listing,Flooding/Foundering - Flooding - Massive,Collision - With other ship,Capsizing/Listing - Capsizing,Collision - With other ship,Flooding/Foundering - Flooding - Progressive",,"TRAMES UNO,ALBORAN",9206700,"Passenger ship - Passenger and Ro-Ro cargo - Domestic - Class A,Cargo ship - Solid Cargo - Pontoon",0,0,
31/10/2018,Serious,Contact - Shore object,,EXCELLENT,9143441,Passenger ship - Passenger and Ro-Ro cargo - International,0,0,
22/10/2018,Serious,Contact - Shore object,,ERNA OLDENDORFF,9717670,Cargo ship - Solid Cargo - General Cargo,0,0,
14/10/2018,Serious,Fire/Explosion - Explosion,,BALTIC BREEZE,8312590,Cargo ship - Solid Cargo - Ro-Ro Cargo,0,0,
24/09/2018,Serious,Loss of control - Loss of propulsion power,,KLAIPEDA,9106584,Cargo ship - Solid Cargo - General Cargo,0,0,
20/09/2018,Serious,Grounding/stranding - Power,,PEAK BERGEN,9544932,Cargo ship - Solid Cargo - General Cargo,0,0,
12/09/2018,Serious,Grounding/stranding - Drift,,PRIAMOS,9412531,Cargo ship - Solid Cargo - Container Ship,0,0,
02/08/2018,Serious,Fire/Explosion - Fire,,VOLCAN DE TENEGUIA,9335161,Cargo ship - Solid Cargo - Ro-Ro Cargo,0,0,YES
23/07/2018,Serious,Grounding/stranding - Power,,MAKASSAR HIGHWAY,9235426,Cargo ship - Solid Cargo - Ro-Ro Cargo,0,0,
18/07/2018,Serious,Grounding/stranding - Power,,PRISCILLA,9411745,Cargo ship - Solid Cargo - General Cargo,0,0,
15/07/2018,Serious,Contact - Shore object,Slipping - Stumbling and falling - Fall of persons - Slipping - Stumbling and falling - Fall of person - on the same level,AURORA EXPLORER,9196723,Passenger ship - Only passenger,0,10,
13/07/2018,Serious,Capsizing/Listing - Capsizing,,,6605503,Service ship - Tug (Towing/Pushing),0,0,
09/07/2018,Serious,"Collision - With other ship,Collision - With other ship,Grounding/stranding - Power",,"unnamed,PAZIFIK",9293430,"Cargo ship - Liquid Cargo - Liquified gas tanker - LPG,Service ship - Tug (Towing/Pushing)",0,0,
28/06/2018,Serious,Grounding/stranding,,SUMATRA,9753260,Cargo ship - Solid Cargo - Bulk Carrier,0,0,
22/05/2018,Serious,Fire/Explosion - Fire,,MARTIN I SOLER,9390367,Passenger ship - Passenger and Ro-Ro cargo,0,0,
17/04/2018,Serious,Loss of control - Loss of containment,,NS TERA,8411566,Cargo ship - Solid Cargo - General Cargo,0,1,
16/04/2018,Serious,Fire/Explosion - Explosion,,FINLANDIA SEAWAYS,9198721,Cargo ship - Solid Cargo - Ro-Ro Cargo,0,1,
07/04/2018,Serious,Contact - Shore object,,VITASPIRIT,9231377,Cargo ship - Solid Cargo - Bulk Carrier,0,0,
06/04/2018,Serious,Contact - Shore object,,AS FLORETTA,9395056,Cargo ship - Solid Cargo - Container Ship,0,0,
27/03/2018,Serious,Grounding/stranding - Power,,CELTICA HAV,8422022,Cargo ship - Solid Cargo - General Cargo,0,0,
06/03/2018,Serious,"Grounding/stranding - Drift,Loss of control - Loss of propulsion power",,BETANZOS,9263552,Cargo ship - Solid Cargo - General Cargo,0,0,
19/02/2018,Serious,"Contact - Shore object,Loss of control - Loss of directional control",,AKACIA,9315020,Cargo ship - Solid Cargo - Container Ship,0,0,
10/02/2018,Serious,Grounding/stranding - Drift,,HEPHAESTUS,6519326,Cargo ship - Liquid Cargo - Oil tanker - Product carrier,0,0,YES
31/01/2018,Serious,Fire/Explosion - Explosion,,NEW HAMPSHIRE TRADER,9571296,Cargo ship - Solid Cargo - Container Ship,0,2,
20/01/2018,Serious,Damage / loss of equipment,,CMA CGM G.WASHINGTON,9780847,Cargo ship - Solid Cargo - Container Ship,0,0,
13/01/2018,Serious,"Collision - With other ship,Collision - With other ship",,"DORIS,Zhe Xiang Yu 24005",9509425,"Cargo ship - Solid Cargo - Bulk Carrier,Fishing vessel - Trawler - Beam",0,0,
27/12/2017,Serious,Flooding/Foundering - Flooding - Progressive,,ESHIPS SHAMAL,9506198,Cargo ship - Liquid Cargo - Liquified gas tanker - LPG,0,0,
26/12/2017,Serious,"Flooding/Foundering - Flooding - Progressive,Damage / loss of equipment",,CAPRI,9248526,Cargo ship - Solid Cargo - Bulk Carrier,0,0,
10/12/2017,Serious,"Grounding/stranding - Power,Contact - Shore object",,PRIDE OF KENT,9015266,Passenger ship - Passenger and Ro-Ro cargo - International,0,0,
06/12/2017,Serious,Damage / loss of equipment,,BERGENSFJORD,9343091,Passenger ship - Passenger and Ro-Ro cargo,0,0,
28/11/2017,Serious,Damage / loss of equipment,,BOZDAG,9194012,Cargo ship - Liquid Cargo - Oil tanker - Product carrier,0,2,
15/11/2017,Serious,Fire/Explosion - Fire,,WORLD CALIMA,9684316,Service ship - Special purpose ship,0,0,
29/10/2017,Serious,"Grounding/stranding - Drift,Grounding/stranding - Drift",,GLORY AMSTERDAM,9287182,Cargo ship - Solid Cargo - Bulk Carrier,0,0,
13/10/2017,Serious,Fire/Explosion - Fire,,REGINA BALTICA,7827225,Passenger ship - Passenger and Ro-Ro cargo,0,0,
10/10/2017,Serious,Grounding/stranding - Power,,RUYTER,9374674,Cargo ship - Solid Cargo - General Cargo,0,0,
08/10/2017,Serious,"Grounding/stranding - Power,Loss of control - Loss of directional control",,ISLAY TRADER,9030474,Cargo ship - Solid Cargo - General Cargo,0,0,
28/09/2017,Serious,Grounding/stranding - Power,,MARBELLA,9189782,Cargo ship - Solid Cargo - Bulk Carrier,0,0,
23/09/2017,Serious,Grounding/stranding - Power,,ATLANTIC,8002731,Cargo ship - Solid Cargo - General Cargo,0,0,
12/09/2017,Serious,Fire/Explosion - Explosion,,WIGHT SKY,9446984,Passenger ship - Passenger and Ro-Ro cargo - Port or internal waters,0,1,
28/06/2017,Serious,Grounding/stranding - Power,,FREYJA,7392610,Cargo ship - Liquid Cargo - Chemical tanker - Type 2,0,0,
10/06/2017,Serious,"Grounding/stranding - Power,Grounding/stranding - Power",,OCEAN PREFECT,9249257,Cargo ship - Solid Cargo - Bulk Carrier,0,0,
07/06/2017,Serious,Grounding/stranding - Power,,ST. GREGORY,9414759,Cargo ship - Solid Cargo - Bulk Carrier,0,0,
25/05/2017,Serious,Fire/Explosion - Fire,,ZIRCON,9010929,Cargo ship - Liquid Cargo - Oil tanker - Product carrier,0,0,
13/05/2017,Serious,Grounding/stranding - Power,,UNIVERSAL DURBAN,9644251,Cargo ship - Solid Cargo - Bulk Carrier,0,0,
04/05/2017,Serious,Contact - Shore object,,CMA CGM CENTAURUS,9410777,Cargo ship - Solid Cargo - Container Ship,0,0,
21/04/2017,Serious,Loss of control - Loss of propulsion power,,VOLCAN DE TAMASITE,9281322,Passenger ship - Passenger and Ro-Ro cargo,0,0,
19/04/2017,Serious,Fire/Explosion - Fire,,USICHEM,9344344,Cargo ship - Liquid Cargo - Oil tanker - Product carrier,0,0,
03/04/2017,Serious,"Fire/Explosion - Fire,Fire/Explosion - Explosion",,VF TANKER-7,9640554,Cargo ship - Liquid Cargo - Oil tanker - Product carrier,0,0,
31/03/2017,Serious,Loss of control - Loss of propulsion power,,CHODZIEZ,8302301,Cargo ship - Solid Cargo - Ro-Ro Cargo,0,0,
13/03/2017,Serious,Loss of control - Loss of propulsion power,,INTERLINK UTILITY,9714795,Cargo ship - Solid Cargo - Bulk Carrier,0,0,
06/03/2017,Serious,"Damage / loss of equipment,Loss of control - Loss of propulsion power,Flooding/Foundering - Flooding - Massive",,Jean Nicoli,9161948,Passenger ship - Passenger and Ro-Ro cargo,0,0,
10/02/2017,Serious,Grounding/stranding - Power,,VICTORIA,9290165,Cargo ship - Solid Cargo - Container Ship,0,0,YES
25/01/2017,Serious,Contact - Shore object,,Antero de Quental,9312638,Passenger ship - Only passenger - Port or internal waters,0,37,
15/01/2017,Serious,"Capsizing/Listing - Capsizing,Contact - Shore object,Collision - With other ship,Collision - Ship not underway,Flooding/Foundering - Foundering,Flooding/Foundering - Flooding - Massive",,"unnamed,Kor?ula",9476305,"Recreational craft - Motorboat,Passenger ship - Passenger and Ro-Ro cargo - Domestic - Class B",0,0,
05/01/2017,Serious,Fire/Explosion - Fire,,MAERSK COLUMBUS,6332987,Cargo ship - Solid Cargo - Container Ship,0,0,
21/12/2016,Serious,Loss of control - Loss of containment,,MAERSK BATTLER,9144330,Service ship - Offshore supply ship,0,0,YES
19/12/2016,Serious,Fire/Explosion - Explosion,,CAPE BON,9260055,Cargo ship - Liquid Cargo - Chemical tanker,0,0,
09/12/2016,Serious,"Flooding/Foundering - Flooding - Progressive,Grounding/stranding - Power",,Ask?,9333450,Cargo ship - Solid Cargo - General Cargo,0,0,
07/12/2016,Serious,Fire/Explosion - Fire,,NIXE,9316646,Passenger ship - Passenger and Ro-Ro cargo - Domestic - Class A,0,0,
06/12/2016,Serious,"Collision - With other ship,Collision - With other ship",,"L'ESPOIR,BOUZAS",9249996,"Passenger ship - Passenger and Ro-Ro cargo - International,Fishing vessel - Liner",0,0,
04/12/2016,Serious,"Loss of control - Loss of propulsion power,Grounding/stranding - Drift",,HANNI,9188506,Cargo ship - Solid Cargo - Container Ship,0,0,
03/12/2016,Serious,Grounding/stranding - Power,,MUROS,9397640,Cargo ship - Solid Cargo - General Cargo,0,0,
22/11/2016,Serious,Grounding/stranding - Power,,ROBUSTO,9386512,Cargo ship - Solid Cargo - Bulk Carrier,0,0,
20/11/2016,Serious,"Collision - Ship not underway,Collision - Ship not underway,Flooding/Foundering - Flooding - Progressive,Flooding/Foundering - Flooding - Progressive",,"STEMA BARGE II,SAGA SKY",9144354,"Cargo ship - Solid Cargo - General Cargo,Cargo ship - Solid Cargo - Barge",0,0,
21/10/2016,Serious,"Fire/Explosion - Fire,Loss of control - Loss of containment",,THOMSON MAJESTY,8814744,Passenger ship - Only passenger - International,0,0,
22/09/2016,Serious,"Fire/Explosion - Fire,Fire/Explosion - Explosion",,MERCURIA,9050547,Cargo ship - Liquid Cargo - Oil tanker - Crude oil,0,2,
13/09/2016,Serious,Loss of control - Loss of propulsion power,,ORAKAI,9402689,Cargo ship - Liquid Cargo - Chemical tanker,0,0,
13/09/2016,Serious,Grounding/stranding - Drift,,Egon W,9279018,Cargo ship - Solid Cargo - General Cargo,0,0,
07/09/2016,Serious,Loss of control - Loss of propulsion power,,ORESTINA,9510589,Cargo ship - Liquid Cargo - Chemical tanker,0,0,
05/09/2016,Serious,Grounding/stranding - Power,,ASPIN,7928847,Fishing vessel - Gillnetter,0,0,
31/08/2016,Serious,Fire/Explosion - Fire,,Stena Spirit,7907661,Passenger ship - Passenger and Ro-Ro cargo - International,0,0,
26/08/2016,Serious,"Collision - With other ship,Collision - With other ship",,"BBC STEINHOEFT,CRUNIA",9358046,"Fishing vessel - Trawler - Stern,Cargo ship - Solid Cargo - General Cargo",0,0,
16/08/2016,Serious,Fire/Explosion - Explosion,,IVER ABILITY,9327504,Cargo ship - Liquid Cargo - Oil tanker,0,0,
02/08/2016,Serious,Grounding/stranding - Power,,TIDE NAVIGATOR,9526083,Cargo ship - Solid Cargo - General Cargo,0,0,
31/07/2016,Serious,Damage / loss of equipment,,SCA MUNKSUND,9429223,Cargo ship - Solid Cargo - Container Ship,0,1,
25/07/2016,Serious,Grounding/stranding - Power,,HORIZON,8807088,Passenger ship - Only passenger - International,0,0,
10/07/2016,Serious,Grounding/stranding - Power,,ROYAL IRIS OF THE MERSEY,8633712,Passenger ship - Only passenger - Port or internal waters,0,0,
24/06/2016,Serious,Contact - Shore object,,REGINA MED,8100777,Cargo ship - Solid Cargo - General Cargo,0,0,
15/06/2016,Serious,Fire/Explosion - Fire,,CMA CGM Rossini,9280639,Cargo ship - Solid Cargo - Container Ship,0,0,YES
30/05/2016,Serious,Grounding/stranding - Drift,,SEVEN SEAS,9006344,Cargo ship - Solid Cargo - General Cargo,0,0,
11/04/2016,Serious,"Fire/Explosion - Fire,Loss of control - Loss of electrical power,Damage / loss of equipment,Loss of control - Loss of propulsion power",,NORMANDIE,9006253,Passenger ship - Passenger and Ro-Ro cargo - International,0,2,
27/03/2016,Serious,Damage / loss of equipment,,CIELO DI TOCOPILLA,9638159,Cargo ship - Solid Cargo - Bulk Carrier,0,1,
19/03/2016,Serious,"Collision - With other ship,Collision - With other ship,Collision - With other ship",,"ISA,CHARLIE IV",9180358,"Cargo ship - Solid Cargo - Bulk Carrier,Recreational craft - Sailboat (aux. motor)",0,0,
05/03/2016,Serious,"Fire/Explosion - Fire,Loss of control - Loss of containment",,ASKARA,9431886,Cargo ship - Liquid Cargo - Oil tanker - Product carrier,0,2,
03/02/2016,Serious,"Loss of control - Loss of directional control,Grounding/stranding - Power",,CSCL Indian Ocean,9695157,Cargo ship - Solid Cargo - Container Ship,0,0,
08/01/2016,Serious,Contact,,Evert Prahm,9138757,Cargo ship - Solid Cargo - General Cargo,0,2,
18/12/2015,Serious,Fire/Explosion - Fire,,Ventura,9312729,Cargo ship - Solid Cargo - General Cargo,0,0,YES
17/12/2015,Serious,Grounding/stranding - Power,,BBC Maple Lea,9358034,Cargo ship - Solid Cargo - General Cargo,0,0,YES
20/11/2015,Serious,Fire/Explosion - Fire,,MSC Katrina,9467445,Cargo ship - Solid Cargo - Container Ship,0,0,
18/11/2015,Serious,"Loss of control - Loss of electrical power,Fire/Explosion - Fire,Loss of control - Loss of propulsion power",,LE BOREAL,9502506,Passenger ship - Only passenger - International,0,0,
26/10/2015,Serious,"Fire/Explosion - Fire,Loss of control - Loss of electrical power",,ADMIRAL SHABALIN,8607165,Fishing vessel - Trawler - Other trawler,0,0,YES
26/10/2015,Serious,Fire/Explosion - Explosion,,Thetis D,9372274,Cargo ship - Solid Cargo - Container Ship,0,0,
08/10/2015,Serious,Damage / loss of equipment,,Sovereign,8512281,Passenger ship - Only passenger - International,0,1,
28/09/2015,Serious,Grounding/stranding - Drift,,MV Cielo Di Monaco,9638147,Cargo ship - Solid Cargo - Bulk Carrier,0,0,
21/09/2015,Serious,"Flooding/Foundering - Flooding - Progressive,Grounding/stranding - Power",,GODFJORD,8615277,Passenger ship - Passenger and Ro-Ro cargo - Domestic - Class C,0,0,
19/09/2015,Serious,"Flooding/Foundering - Flooding - Progressive,Grounding/stranding - Power",,VICTORIA,9129029,Cargo ship - Solid Cargo - Bulk Carrier,0,0,
07/09/2015,Serious,Fire/Explosion - Fire,,BARZAN,9708851,Cargo ship - Solid Cargo - Container Ship,0,0,
28/08/2015,Serious,"Loss of control - Loss of directional control,Contact - Shore object",,JAUME II,9116113,Passenger ship - Passenger and Ro-Ro cargo - Domestic - Class B,0,0,
26/08/2015,Serious,Fire/Explosion - Fire,,CAROLINE M?RSK,9214903,Cargo ship - Solid Cargo - Container Ship,0,0,
28/07/2015,Serious,Fire/Explosion - Fire,,MARIBELLA,9316672,Cargo ship - Solid Cargo - Bulk Carrier,0,0,
26/07/2015,Serious,Loss of control - Loss of containment,,SUNPOWER,9521643,Cargo ship - Liquid Cargo - Oil tanker - Product carrier,0,0,YES
26/07/2015,Serious,Grounding/stranding - Power,,FLYING CAT 4,9206748,Passenger ship - Only passenger - Domestic - Class A,0,0,
28/06/2015,Serious,"Damage / loss of equipment,Fire/Explosion - Explosion,Loss of control - Loss of propulsion power",,Amon,8225474,Service ship - Tug (Towing/Pushing),0,2,
28/06/2015,Serious,Grounding/stranding - Power,,ALEXANDROS,8650966,Passenger ship - Only passenger,0,0,
16/06/2015,Serious,"Contact - Shore object,Loss of control - Loss of directional control",,Frisia V,8827181,Passenger ship - Passenger and Ro-Ro cargo - Domestic - Class A,0,8,
25/05/2015,Serious,Fire/Explosion - Fire,,Purple Beach,9138135,Cargo ship - Solid Cargo - General Cargo,0,0,YES
17/05/2015,Serious,"Flooding/Foundering - Foundering,Collision - Ship not underway",,"DETROIT JET,L'ATLANTIDA",9216169,"Passenger ship - Passenger and Ro-Ro cargo - International,Passenger ship - Only passenger - Domestic - Class D",0,0,
11/05/2015,Serious,Grounding/stranding - Power,,HAMBURG,9138329,Passenger ship - Only passenger - International,0,0,
05/05/2015,Serious,Fire/Explosion - Fire,,ILE DE SEIN,9247039,Service ship - Special purpose ship,0,0,
01/04/2015,Serious,Damage / loss of equipment,,HALCYON 1,9200031,Cargo ship - Solid Cargo - Container Ship,0,1,
20/03/2015,Serious,Contact - Shore object,,Saint George,9452323,Cargo ship - Solid Cargo - General Cargo,0,0,
05/03/2015,Serious,"Contact - Shore object,Loss of control - Loss of electrical power",,CEUTA JET,9174323,Passenger ship - Only passenger - International,0,0,
04/03/2015,Serious,"Flooding/Foundering - Flooding - Massive,Grounding/stranding - Power,Loss of control - Loss of directional control",,Cintharth,9222596,Fishing vessel - Trawler - Stern,0,0,YES
04/03/2015,Serious,Grounding/stranding - Power,,BARIZO,9188946,Cargo ship - Solid Cargo - General Cargo,0,0,YES
18/02/2015,Serious,Grounding/stranding - Power,,LYSBLINK SEAWAYS,9197313,Cargo ship - Solid Cargo - General Cargo,0,0,YES
09/02/2015,Serious,"Flooding/Foundering - Flooding - Progressive,Loss of control - Loss of electrical power,Grounding/stranding - Power,Capsizing/Listing - Listing",,SEA DWELLER,9254006,Cargo ship - Liquid Cargo - Chemical tanker,0,0,
17/01/2015,Serious,Contact - Shore object,,Red7 Alliance,8304799,Service ship - Offshore supply ship,0,0,
06/01/2015,Serious,Loss of control - Loss of propulsion power,,NORTHERN VITALITY,9122423,Cargo ship - Solid Cargo - Container Ship,0,0,
03/01/2015,Serious,"Grounding/stranding - Drift,Loss of control - Loss of directional control,Loss of control - Loss of electrical power,Hull failure,Capsizing/Listing - Listing,Loss of control - Loss of containment,Loss of control - Loss of propulsion power,Flooding/Foundering - Flooding - Progressive",,HOEGH OSAKA,9185463,Cargo ship - Solid Cargo - Ro-Ro Cargo,0,1,
30/12/2014,Serious,"Grounding/stranding - Drift,Loss of control",,Jutlandia Swan,9350757,Cargo ship - Liquid Cargo - Chemical tanker,0,0,
12/12/2014,Serious,Grounding/stranding - Power,,FALKLAND,8505953,Cargo ship - Solid Cargo - General Cargo,0,0,
30/11/2014,Serious,"Loss of control - Loss of directional control,Grounding/stranding - Power",,VECTIS EAGLE,9594286,Cargo ship - Solid Cargo - General Cargo,0,0,
29/11/2014,Serious,Fire/Explosion - Fire,,IERAPETRA L,7429669,Passenger ship - Passenger and Ro-Ro cargo,0,0,
24/11/2014,Serious,Grounding/stranding - Power,,KATRE,9014937,Cargo ship - Solid Cargo - General Cargo,0,0,
19/11/2014,Serious,Grounding/stranding - Power,,Achilles,9276171,Cargo ship - Solid Cargo - Bulk Carrier,0,0,
09/11/2014,Serious,"Loss of control - Loss of directional control,Contact - Shore object",,DOVER SEAWAYS,9318345,Passenger ship - Passenger and Ro-Ro cargo - International,0,13,
07/10/2014,Serious,"Fire/Explosion - Fire,Loss of control - Loss of propulsion power",,PARIDA,9159933,Cargo ship - Solid Cargo - Ro-Ro Cargo,0,0,YES
29/09/2014,Serious,Fire/Explosion - Fire,,PRIDE OF CANTERBURY,9007295,Passenger ship - Passenger and Ro-Ro cargo - International,0,0,
29/09/2014,Serious,Fire/Explosion - Fire,,GSP PERSEU,9083160,Service ship - Offshore supply ship,0,0,
21/09/2014,Serious,"Grounding/stranding - Power,Loss of control - Loss of propulsion power,Flooding/Foundering - Flooding - Massive,Loss of control - Loss of electrical power",,EUROPALINK,9319454,Passenger ship - Passenger and Ro-Ro cargo - International,0,0,
05/09/2014,Serious,Grounding/stranding,,INCE INEBOLU,9254472,Cargo ship - Solid Cargo - Bulk Carrier,0,0,
02/09/2014,Serious,Grounding/stranding - Power,,Plutonas,8505422,Fishing vessel - Trawler - Stern,0,0,
22/08/2014,Serious,"Collision - With other ship,Collision - With other ship",,"ELLUMA,ARKLOW BEACH",9638783,"Cargo ship - Solid Cargo - General Cargo,Fishing vessel - Trawler - Stern",0,2,
14/08/2014,Serious,Damage / loss of equipment,,SEAPACE,9486025,Cargo ship - Solid Cargo - Bulk Carrier,0,1,
13/08/2014,Serious,"Loss of control - Loss of containment,Capsizing/Listing - Capsizing",,"B?sch,Ponton 1",8861022,"Cargo ship - Solid Cargo - Pontoon,Service ship - Tug (Towing/Pushing)",0,0,
09/08/2014,Serious,"Loss of control - Loss of propulsion power,Grounding/stranding - Drift",,Langballig,9226762,Cargo ship - Solid Cargo - General Cargo,0,0,
18/07/2014,Serious,Damage / loss of equipment,,ST HELEN,8120569,Passenger ship - Passenger and Ro-Ro cargo,0,4,
13/07/2014,Serious,"Collision - With other ship,Collision - With other ship",,"MOOREA,FRONT NJORD",9408205,"Cargo ship - Liquid Cargo - Oil tanker - Crude oil,Fishing vessel - Trawler - Stern",0,1,
09/07/2014,Serious,Fire/Explosion - Explosion,,MUNICH TRADER,9147227,Cargo ship - Solid Cargo - General Cargo,0,2,
08/07/2014,Serious,Contact - Shore object,,STENA NAUTICA,8317954,Passenger ship - Passenger and Ro-Ro cargo - International,0,0,YES
17/06/2014,Serious,Fire/Explosion - Explosion,,TASOS II,8663652,Cargo ship - Liquid Cargo - Oil tanker - Product carrier,0,1,
04/06/2014,Serious,Contact - Shore object,,ADLER EXPRESS,9073098,Passenger ship - Only passenger,0,49,
31/05/2014,Serious,"Flooding/Foundering - Flooding - Progressive,Grounding/stranding - Power,Hull failure",,Mega Express Five,9035101,Passenger ship - Passenger and Ro-Ro cargo - Domestic - Class A,0,0,
20/05/2014,Serious,Fire/Explosion - Fire,,SEA GALE,9672935,Passenger ship - Only passenger - International,0,0,
16/05/2014,Serious,Contact - Shore object,,MSC Benedetta,9465253,Cargo ship - Solid Cargo - Container Ship,0,0,
05/05/2014,Serious,Fire/Explosion - Fire,,FRIGGA,9175250,Service ship - Tug (Towing/Pushing),0,0,
01/05/2014,Serious,Fire/Explosion - Fire,,DIEPPE SEAWAYS,9211511,Passenger ship - Passenger and Ro-Ro cargo,0,3,YES
01/05/2014,Serious,Fire/Explosion - Fire,,ENEZ EUSSA III,9019896,Passenger ship - Only passenger,0,0,
13/04/2014,Serious,"Loss of control - Loss of directional control,Contact - Shore object",,KARLA C,9558012,Cargo ship - Solid Cargo - General Cargo,0,0,
10/04/2014,Serious,Fire/Explosion - Fire,,REPUBBLICA DI ROMA,9009504,Passenger ship - Passenger and Ro-Ro cargo,0,0,
01/04/2014,Serious,Loss of control - Loss of containment,,XMUN,8847959,Service ship - Offshore supply ship,0,6,YES
28/03/2014,Serious,Fire/Explosion - Fire,,SICHEM AMETHYST,9354571,Cargo ship - Liquid Cargo - Chemical tanker - Type 1,0,0,
11/03/2014,Serious,Loss of control - Loss of electrical power,,FINNTRADER,9017769,Passenger ship - Passenger and Ro-Ro cargo,0,0,
09/03/2014,Serious,Flooding/Foundering - Flooding - Massive,,SEA BREEZE,8906250,Cargo ship - Solid Cargo - General Cargo,0,0,
01/03/2014,Serious,Contact - Shore object,,BALTICDIEP,9342140,Cargo ship - Solid Cargo - General Cargo,0,0,
27/02/2014,Serious,"Collision - With other ship,Collision - With other ship",,"ISLA ALBORAN TRES,TERVE",9204348,"Cargo ship - Solid Cargo - General Cargo,Fishing vessel - Trawler - Stern",0,0,
14/02/2014,Serious,Loss of control - Loss of containment,,SVENDBORG MAERSK,9146467,Cargo ship - Solid Cargo - Container Ship,0,0,YES
03/02/2014,Serious,Grounding/stranding - Power,,SORMOVSKIY-3055,8419611,Cargo ship - Solid Cargo - General Cargo,0,0,
23/01/2014,Serious,"Loss of control - Loss of directional control,Loss of control - Loss of propulsion power,Collision - Ship not underway,Collision - Ship not underway,Collision - Ship not underway",,"Rio Agueda,Manuel Eugenia,Adelaide Lucilia",9034262,"Fishing vessel - Gillnetter,Fishing vessel - Gillnetter,Fishing vessel - Trawler - Stern",0,0,
11/01/2014,Serious,Grounding/stranding - Power,,CITADEL,9361380,Cargo ship - Solid Cargo - General Cargo,0,0,
09/01/2014,Serious,"Grounding/stranding - Power,Loss of control - Loss of propulsion power",,Merita,8422034,Cargo ship - Solid Cargo - General Cargo,0,0,
07/01/2014,Serious,"Grounding/stranding - Power,Flooding/Foundering - Flooding - Progressive",,ROMY BELIEVER,9031454,Cargo ship - Solid Cargo - Container Ship,0,0,
06/01/2014,Serious,Grounding/stranding - Drift,,RUSICH-1,9302308,Cargo ship - Solid Cargo - General Cargo,0,1,
20/12/2013,Serious,"Contact - Shore object,Loss of control - Loss of propulsion power",,KEY BORA,9316024,Cargo ship - Liquid Cargo - Chemical tanker,0,0,
20/12/2013,Serious,"Collision - With other ship,Collision - With other ship",,"HEDAIYU,UNIVERSAL PRIME",9158886,"Cargo ship - Liquid Cargo - Oil tanker - Crude oil,Fishing vessel",0,0,YES
18/12/2013,Serious,Grounding/stranding - Power,,FLYING DOLPHIN XVII,8331467,Passenger ship - Only passenger - Domestic - Class C,0,0,
04/12/2013,Serious,Fire/Explosion - Fire,,CORONA SEAWAYS,9357597,Cargo ship - Solid Cargo - Ro-Ro Cargo,0,0,
03/12/2013,Serious,Damage / loss of equipment,,TORM REPUBLICAN,9290658,Cargo ship - Liquid Cargo - Chemical tanker - Type 2,0,1,
25/11/2013,Serious,Grounding/stranding - Power,,NUEVO MUGARDOS,9338448,Fishing vessel - Dredger,0,0,YES
20/11/2013,Serious,Contact - Shore object,,MSC MAGNIFICA,9387085,Passenger ship - Only passenger - International,0,0,
05/11/2013,Serious,"Loss of control - Loss of containment,Capsizing/Listing - Listing",,Roseburg,8817370,Cargo ship - Solid Cargo - General Cargo,0,1,
04/11/2013,Serious,"Grounding/stranding,Grounding/stranding - Power,Damage / loss of equipment",,Newa,9454826,Cargo ship - Solid Cargo - General Cargo,0,0,
29/10/2013,Serious,Grounding/stranding - Power,,Bosphorus,9347645,Cargo ship - Solid Cargo - General Cargo,0,0,
28/10/2013,Serious,Grounding/stranding - Drift,,STENA ALEGRA,9147291,Passenger ship - Passenger and Ro-Ro cargo,0,0,
19/10/2013,Serious,"Damage / loss of equipment,Grounding/stranding - Drift",,SMAT,9411862,Cargo ship - Solid Cargo - Ro-Ro Cargo,0,0,
19/10/2013,Serious,Loss of control - Loss of containment,,GEA,9292591,Cargo ship - Liquid Cargo - Oil tanker - Product carrier,0,0,YES
19/10/2013,Serious,Hull failure,,Umar 1,9521411,Cargo ship - Liquid Cargo - Chemical tanker,0,0,
18/10/2013,Serious,Damage / loss of equipment,,MANON,9419670,Cargo ship - Liquid Cargo - Oil tanker - Product carrier,0,1,
18/10/2013,Serious,Fire/Explosion - Fire,,Prins Bernhard,8224406,Fishing vessel - Trawler - Stern,0,0,
22/09/2013,Serious,Contact - Shore object,,Horizon Aphrodite,9407366,Cargo ship - Liquid Cargo - Oil tanker - Product carrier,0,0,
20/09/2013,Serious,Grounding/stranding - Power,,LE SOLEAL,9641675,Passenger ship - Only passenger - International,0,0,
09/08/2013,Serious,Contact - Shore object,,Dubai Faith,9140009,Cargo ship - Solid Cargo - Bulk Carrier,0,0,
01/08/2013,Serious,Grounding/stranding - Power,,DART,7423926,Cargo ship - Liquid Cargo - Tanker (liquid non-flammable),0,0,
31/07/2013,Serious,Fire/Explosion - Explosion,,JAUME I,9081693,Passenger ship - Passenger and Ro-Ro cargo,0,0,
25/07/2013,Serious,Loss of control - Loss of directional control,,APOLLO,9234628,Cargo ship - Liquid Cargo - Oil tanker - Product carrier,0,0,
22/07/2013,Serious,Contact - Shore object,,Karsibor III,7606774,Passenger ship - Passenger and Ro-Ro cargo - Port or internal waters,0,0,
25/06/2013,Serious,Fire/Explosion - Fire,,ZENITH,8918136,Passenger ship - Only passenger - International,0,0,
22/06/2013,Serious,Contact - Shore object,,SIRENA SEAWAYS,9212163,Passenger ship - Passenger and Ro-Ro cargo,0,0,
20/06/2013,Serious,Contact - Shore object,,LAUDIO,9135858,Cargo ship - Solid Cargo - General Cargo,0,0,
18/06/2013,Serious,"Loss of control - Loss of containment,Fire/Explosion - Fire",,EUGEN M?RSK,9321550,Cargo ship - Solid Cargo - Container Ship,0,0,YES
14/06/2013,Serious,Fire/Explosion - Fire,,NISOS MYKONOS,9208679,Passenger ship - Passenger and Ro-Ro cargo - Domestic - Class B,0,0,
14/06/2013,Serious,Grounding/stranding - Power,,FRI OCEAN,9195690,Cargo ship - Solid Cargo - General Cargo,0,0,
07/06/2013,Serious,Loss of control - Loss of directional control,,OCEAN GLORY,9368625,Cargo ship - Solid Cargo - General Cargo,0,0,
01/06/2013,Serious,"Grounding/stranding - Power,Flooding/Foundering - Flooding - Progressive",,Twinkle Island,9512367,Cargo ship - Solid Cargo - Bulk Carrier,0,0,
31/05/2013,Serious,Damage / loss of equipment,,WILSON LEITH,9150509,Cargo ship - Solid Cargo - General Cargo,0,1,
05/05/2013,Serious,Grounding/stranding - Power,,RIO GOLD,8408521,Cargo ship - Solid Cargo - Bulk Carrier,0,0,
01/05/2013,Serious,Fire/Explosion - Fire,,Atlantic Cartier,8215481,Cargo ship - Solid Cargo - Ro-Ro Cargo,0,0,
26/04/2013,Serious,Fire/Explosion - Fire,,CELTIC CARRIER,8516287,Cargo ship - Solid Cargo - General Cargo,0,1,YES
23/04/2013,Serious,Fire/Explosion - Fire,,Victoria Seaways,9350721,Passenger ship - Passenger and Ro-Ro cargo,0,0,
18/04/2013,Serious,Grounding/stranding - Drift,,Norfolk Express,9104902,Cargo ship - Solid Cargo - Container Ship,0,0,
16/03/2013,Serious,"Flooding/Foundering - Flooding - Progressive,Grounding/stranding - Power",,DANIO,9218533,Cargo ship - Solid Cargo - General Cargo,0,0,
26/02/2013,Serious,Grounding/stranding - Power,,DOUWENT,8703139,Cargo ship - Solid Cargo - General Cargo,0,0,
18/02/2013,Serious,"Collision - With other ship,Collision - With other ship",,"L'ECLIPSE,CHANTACO",9333802,"Fishing vessel - Dredger,Cargo ship - Liquid Cargo - Chemical tanker - Type 1",0,0,
16/02/2013,Serious,Contact - Shore object,,Finnarrow,9010814,Passenger ship - Passenger and Ro-Ro cargo,0,0,
07/02/2013,Serious,Fire/Explosion - Fire,,SETUBAL EXPRESS,8858788,Cargo ship - Solid Cargo - Ro-Ro Cargo,0,0,
01/02/2013,Serious,Flooding/Foundering - Flooding - Progressive,,EMMA M?RSK,9321483,Cargo ship - Solid Cargo - Container Ship,0,0,
30/01/2013,Serious,"Damage / loss of equipment,Grounding/stranding - Drift",,CIUDAD DE CADIZ,9383560,Cargo ship - Solid Cargo - Ro-Ro Cargo,0,0,
28/01/2013,Serious,Grounding/stranding - Drift,,Cape Baltic,9311476,Cargo ship - Solid Cargo - Bulk Carrier,0,0,
19/01/2013,Serious,Grounding/stranding - Drift,,MERLE,8918306,Cargo ship - Solid Cargo - General Cargo,0,0,
17/01/2013,Serious,Fire/Explosion - Fire,,OPDR ANDALUCIA,9331206,Cargo ship - Solid Cargo - Ro-Ro Cargo,0,0,
13/01/2013,Serious,Contact - Floating object,,CHRISTOS XXII,7230135,Service ship - Tug (Towing/Pushing),0,0,
22/12/2012,Serious,Fire/Explosion - Explosion,,THEOFYLAKTOS,9081112,Cargo ship - Solid Cargo - Bulk Carrier,0,0,
12/12/2012,Serious,Grounding/stranding - Power,,BEAUMONT,9319416,Cargo ship - Solid Cargo - General Cargo,0,0,
01/12/2012,Serious,Fire/Explosion - Fire,,CLIPPER RANGER,9119402,Cargo ship - Solid Cargo - Ro-Ro Cargo,0,0,
25/11/2012,Serious,Fire/Explosion - Fire,,SAINT TUDY,8403519,Passenger ship - Passenger and Ro-Ro cargo - Domestic - Class C,0,0,
24/11/2012,Serious,Contact - Shore object,,HERJOLFUR,9036088,Passenger ship - Passenger and Ro-Ro cargo,0,0,
20/11/2012,Serious,Capsizing/Listing - Listing,,THORUNN SVEINSDOTTIR,9463360,Fishing vessel,0,0,
19/11/2012,Serious,Fire/Explosion - Fire,,KRITI II,7814058,Passenger ship - Passenger and Ro-Ro cargo - International,0,0,YES
15/11/2012,Serious,Grounding/stranding - Power,,AMBER,9085895,Cargo ship - Solid Cargo - Bulk Carrier,0,0,
14/11/2012,Serious,"Grounding/stranding - Power,Flooding/Foundering - Flooding - Progressive",,Marion Dufresne 2,9050814,Service ship - Research ship,0,0,
09/11/2012,Serious,"Collision - With other ship,Collision - With other ship",,"Billabong,Purha",9255268,"Fishing vessel - Trawler - Stern,Cargo ship - Liquid Cargo - Oil tanker - Product carrier",0,0,
28/10/2012,Serious,"Contact - Shore object,Damage / loss of equipment,Flooding/Foundering - Flooding - Massive",,Napol¨¦on Bonaparte,9104835,Passenger ship - Passenger and Ro-Ro cargo - International,0,0,
21/10/2012,Serious,Grounding/stranding - Power,,WILSON NEWPORT,9430985,Cargo ship - Solid Cargo - General Cargo,,,
20/10/2012,Serious,Capsizing/Listing - Capsizing,,BG STONE 1,7236311,Service ship - Dredger,0,0,YES
15/10/2012,Serious,Contact - Shore object,,Liva Greta,8801072,Cargo ship - Solid Cargo - General Cargo,0,0,
28/09/2012,Serious,"Loss of control - Loss of propulsion power,Grounding/stranding - Drift",,CELIA,9184237,Cargo ship - Solid Cargo - General Cargo,0,0,
28/09/2012,Serious,"Loss of control - Loss of propulsion power,Grounding/stranding - Drift",,BSLE SUNRISE,9017628,Cargo ship - Solid Cargo - General Cargo,0,0,
24/09/2012,Serious,Grounding/stranding,,Kyeema Spirit,9171840,Cargo ship - Liquid Cargo - Oil tanker - Crude oil,0,0,
21/09/2012,Serious,Grounding/stranding - Power,,Heulin Dispatch,9518218,Cargo ship - Solid Cargo - General Cargo,0,0,
14/09/2012,Serious,Fire/Explosion - Fire,,Guyenne,9309148,Cargo ship - Liquid Cargo - Oil tanker - Product carrier,0,0,
16/08/2012,Serious,Grounding/stranding - Power,,VEGA SAGITTARIUS,9491616,Cargo ship - Solid Cargo - Container Ship,0,0,
15/08/2012,Serious,Fire/Explosion - Fire,,Guyenne,9309148,Cargo ship - Liquid Cargo - Oil tanker - Product carrier,0,0,
14/08/2012,Serious,"Grounding/stranding - Power,Loss of control - Loss of directional control",,Katja,9105906,Cargo ship - Liquid Cargo - Oil tanker - Crude oil,0,0,
05/08/2012,Serious,"Collision - With other ship,Collision - With other ship",,"LE BARON,Vivaldi",8732489,"Fishing vessel - Trawler - Stern,Fishing vessel - Trawler - Stern",0,1,
26/07/2012,Serious,Grounding/stranding - Power,,STELLA,8883288,Cargo ship - Solid Cargo - General Cargo,0,0,
13/07/2012,Serious,Grounding/stranding - Power,,ALGECIRAS JET,9198551,Passenger ship - Passenger and Ro-Ro cargo - International,0,0,
06/07/2012,Serious,"Collision - With other ship,Collision - With other ship",,"STOLT SPRAY,MI MONTSE",9168611,"Cargo ship - Liquid Cargo - Chemical tanker,Fishing vessel - Trawler - Beam",0,0,
04/07/2012,Serious,"Collision - With other ship,Collision - With other ship",,"Sierra Lara,Mart¨ªnez Segundo",9120205,"Fishing vessel - Trawler,Cargo ship - Solid Cargo - Refrigerated Cargo",0,1,
02/07/2012,Serious,Grounding/stranding - Power,,COASTAL ISLE,9030333,Cargo ship - Solid Cargo - General Cargo,0,0,
28/06/2012,Serious,Contact - Floating object - Other,,SKULD,9114359,Service ship - Tug (Towing/Pushing),0,0,YES
25/06/2012,Serious,Grounding/stranding - Power,,FLASH,9522879,Cargo ship - Solid Cargo - Bulk Carrier,0,0,
26/04/2012,Serious,Fire/Explosion - Explosion,,HELLENIC SEA,8905828,Cargo ship - Solid Cargo - Bulk Carrier,0,5,
18/04/2012,Serious,Grounding/stranding - Power,,CMA CGM CHOPIN,9280603,Cargo ship - Solid Cargo - Container Ship,0,0,
01/04/2012,Serious,Grounding/stranding - Power,,LAUREN L,9246827,Passenger ship - Only passenger - International,0,0,
30/03/2012,Serious,Fire/Explosion - Fire,,AZAMARA QUEST,9210218,Passenger ship - Only passenger - International,0,5,
10/03/2012,Serious,"Loss of control - Loss of directional control,Grounding/stranding - Power,Loss of control - Loss of propulsion power,Capsizing/Listing - Listing",,GELSO M,9367360,Cargo ship - Liquid Cargo - Oil tanker - Product carrier,0,0,
27/02/2012,Serious,"Damage / loss of equipment,Loss of control - Loss of propulsion power,Loss of control - Loss of electrical power,Fire/Explosion - Fire",,COSTA ALLEGRA,6916885,Passenger ship - Only passenger - International,0,0,
17/02/2012,Serious,Damage / loss of equipment,,PADNA,9014298,Cargo ship - Solid Cargo - General Cargo,0,1,
15/02/2012,Serious,Capsizing/Listing - Listing,,Phantom,9226712,Cargo ship - Solid Cargo - General Cargo,0,0,
15/02/2012,Serious,Grounding/stranding,,MAVERICK DOS,8921937,Passenger ship - Only passenger - Domestic - Class A,0,2,YES
08/02/2012,Serious,Grounding/stranding - Drift,,FERUZ,9411874,Cargo ship - Solid Cargo - Ro-Ro Cargo,0,0,
05/02/2012,Serious,Fire/Explosion - Fire,,CAPTAIN IVAN VIKULOV,8862038,Cargo ship - Solid Cargo - General Cargo,0,0,
03/02/2012,Serious,Contact - Shore object,,SHARDEN,9305269,Passenger ship - Passenger and Ro-Ro cargo - International,0,0,
03/02/2012,Serious,Loss of control - Loss of containment,,Haldoz,9383613,Cargo ship - Liquid Cargo - Chemical tanker,,,YES
09/01/2012,Serious,Fire/Explosion - Fire,,MAERSK CHAMPION,8401951,Service ship - Offshore supply ship,0,0,
29/12/2011,Serious,Loss of control - Loss of containment,,TRANS SCANDIC,9000247,Cargo ship - Liquid Cargo - Chemical tanker - Type 2,,,YES
17/12/2011,Serious,"Loss of control - Loss of containment,Capsizing/Listing - Listing",,EUROCARGO VENEZIA,9465552,Cargo ship - Solid Cargo - Ro-Ro Cargo,0,0,
27/11/2011,Serious,"Damage / loss of equipment,Damage / loss of equipment,Loss of control - Loss of propulsion power,Grounding/stranding - Power",,Norcape,7716086,Cargo ship - Solid Cargo - Ro-Ro Cargo,0,1,
25/11/2011,Serious,"Grounding/stranding - Drift,Flooding/Foundering - Flooding - Progressive",,EK-RIVER,9056868,Cargo ship - Liquid Cargo - Oil tanker - Product carrier,0,0,
07/11/2011,Serious,Loss of control - Loss of containment,,VOLCAN DE TAUCE,9081588,Passenger ship - Passenger and Ro-Ro cargo,0,0,YES
06/11/2011,Serious,"Collision - With other ship,Collision - With other ship,Contact - Shore object",,"VOLCAN DE TIMANFAYA,CORMORAN GRANADA",9281334,"Service ship - Special purpose ship,Passenger ship - Passenger and Ro-Ro cargo",0,0,
22/10/2011,Serious,Contact - Shore object,,BESIKTAS PERA,9517458,Cargo ship - Liquid Cargo - Chemical tanker,0,0,
05/10/2011,Serious,Contact - Shore object,,Moon Clipper,9245586,Passenger ship - Only passenger - Port or internal waters,0,15,
16/09/2011,Serious,Grounding/stranding - Power,,Fiducia,9141132,Cargo ship - Solid Cargo - Container Ship,0,0,
30/08/2011,Serious,Fire/Explosion - Explosion,,MAR CRISTINA,9236303,Cargo ship - Liquid Cargo - Oil tanker - Product carrier,,1,
23/08/2011,Serious,Flooding/Foundering - Flooding - Massive,,KATE,9076674,Fishing vessel - Trawler - Stern,0,0,
09/08/2011,Serious,Grounding/stranding - Power,,CSL Thames,9440447,Cargo ship - Solid Cargo - Bulk Carrier,0,0,
05/08/2011,Serious,"Grounding/stranding - Power,Flooding/Foundering - Flooding - Massive",,KADMOS,8018261,Cargo ship - Solid Cargo - Bulk Carrier,,,
17/07/2011,Serious,Grounding/stranding - Power,,CSL TRIMNES,8908583,Cargo ship - Solid Cargo - Bulk Carrier,,,
